{
  "session_id": 508,
  "track": "magione",
  "car": "lotus_elise_sc",
  "count": 1064,
  "max_g_lat": 1.4498988389968872,
  "max_steering": 1.0,
  "avg_g_lat": 0.3505934444877592,
  "avg_steering": 0.1358036061834642
}